job_title,company_name,location,summary,date,exp_lvl,job_type,job_url,job_comp_loc
AWS DevOps Engineer,ARC Group,"Burlington, MA","Infrastructure automation tools ‘Infrastructure as code’ (Terraform, CloudFormation, AWS CLI). 6 month contractor role....",Today,Entry-level,Full-time,https://www.indeed.com/rc/clk?jk=45e595e1ad434ee2&fccid=51d56ffaac917f82&vjs=3,"AWS DevOps Engineer.ARC Group.Burlington, MA"
Aerospace Engineer ,Federal Aviation Administration,"Burlington, MA","Current registration as a professional engineer by any State, the District of Columbia, Guam, or Puerto Rico;...",2 days ago,Entry-level,Full-time,https://www.indeed.com/rc/clk?jk=68b23f3463cce237&fccid=5b0288fa591ac208&vjs=3,"Aerospace Engineer .Federal Aviation Administration.Burlington, MA"
Application Engineer,Desktop Metal,"Burlington, MA","Current metal 3D printers are out of reach for most engineers and designers. We have put together a talented team of engineers, materials scientists, and...",20 days ago,Entry-level,Full-time,https://www.indeed.com/rc/clk?jk=b257fd0ec9693428&fccid=4ad884835a5e935b&vjs=3,"Application Engineer.Desktop Metal.Burlington, MA"
Applications Engineer,"Soft Robotics, Inc.","Cambridge, MA 02138",The Applications Engineer position is a key customer support function within the commercial organization of Soft Robotics. Soft Robotics Inc....,Sponsored?,Entry-level,Full-time,https://www.indeed.com/pagead/clk?mo=r&ad=-6NYlbfkN0AxLefiKFqZXqYcj-lqR-FmfSZ3rWItYem0x9xQ3ozGvvnWIrvKtFM6xcJGtcRROWBZoNTRsPAkK2hOSBxlOd-gYsAAiEYJKDf5DpjVlkXoaGZAQs19c2nyfq8fRCTpmm56JWnCO8rTfyc8y_kyuH2ZYxdBTBL61Pro_LwAzk_2zczQvA9KS9stSK6SjfYyGPPzPDaBzpfxxIR2dbYF1pLmF29GmcllniWkHZ5mQtDKl6rjNooT4IfqYsW8txBCHfJYT1vDZW4KWSpg46WheYhbH7oR0fjUBn1N8wSCcK0nUx5lc3W0HhI8ybMJVwLrKEs7-dSDbqLjnbvo8zXki4C-zQDEMNZFBJttujg_d4YZa4lnO2g7bKav5Q9FlBG1R3U68sveyAv2vn7oXJcLMteeE1dJCs5j1xhq7nyHtExTDsjzJjJj49Gz8JSff2Xr7Qs=&vjs=3&p=3&sk=&fvj=1,"Applications Engineer.Soft Robotics, Inc..Cambridge, MA 02138"
Associate,Exponent,"Natick, MA 01760","The candidate will interact with clients, managers, engineers, laboratory personnel and non-technical staff. Our multidisciplinary team of scientists, engineers...",19 days ago,Entry-level,Full-time,https://www.indeed.com/rc/clk?jk=bb19b5e399088e1d&fccid=0213df1b2d6a2c22&vjs=3,"Associate.Exponent.Natick, MA 01760"
Associate Consultant - Non Catalogued,Wipro LTD,"Marlborough, MA","MDM - Master Data Management, Test Automation. MDM - Master Data Management, Test Automation Job Description:....",18 days ago,Entry-level,Full-time,https://www.indeed.com/rc/clk?jk=63547b6de52445d3&fccid=8d25321c1defe73f&vjs=3,"Associate Consultant - Non Catalogued.Wipro LTD.Marlborough, MA"
Associate Supplier Engineer,Insulet Corporation,"Billerica, MA 01821",Monitor and address day-to-day issues within Insulet’s mechanical component supply chain in support of 100% first past yield and in process yields at assembly...,18 days ago,Entry-level,Full-time,https://www.indeed.com/rc/clk?jk=5ac9afca8886d97f&fccid=39806be0f84f3745&vjs=3,"Associate Supplier Engineer.Insulet Corporation.Billerica, MA 01821"
Associate Systems Engineer 1,DELL,"Franklin, MA","After the training, you will assist more senior systems engineers in the analysis and design of technology solutions and provides technical expertise in support...",9 days ago,Entry-level,Full-time,https://www.indeed.com/rc/clk?jk=b4cfc4c2eb7c4efa&fccid=0918a251e6902f97&vjs=3,"Associate Systems Engineer 1.DELL.Franklin, MA"
Auditor: Home Performance,Central Cooling and Heating,"Woburn, MA","AC, Air Conditioning, Air Conditioning Installer, Air Conditioning sales, Boilers, BPI, Building auditor, Building Science, Cable Electrician, Carpet Sales,...",15 days ago,Entry-level,Full-time,https://www.indeed.com/rc/clk?jk=a99933a50add1b46&fccid=a3995494b186adf8&vjs=3,"Auditor: Home Performance.Central Cooling and Heating.Woburn, MA"
Aviation Safety Inspector ,Federal Aviation Administration,"Burlington, MA","Duties Summary Serves as a Program Manager in the Engine Certification Office Branch with responsibility for leading, planning, coordinating, reviewing, and...",2 days ago,Entry-level,Full-time,https://www.indeed.com/rc/clk?jk=8aa4b64fc7d5cca3&fccid=5b0288fa591ac208&vjs=3,"Aviation Safety Inspector .Federal Aviation Administration.Burlington, MA"
BIM / CAD designer,Mott MacDonald,"Westwood, MA","Prepare final drawings based on prior work examples and other input from designers or engineers. Based from our newly refurbished office, you’ll work alongside...",2 days ago,Entry-level,Full-time,https://www.indeed.com/rc/clk?jk=5086086883cc61a4&fccid=edb4bf50a19b70a9&vjs=3,"BIM / CAD designer.Mott MacDonald.Westwood, MA"
"Benefits Representative, HR Operations",Draper,"Cambridge, MA",Our multidisciplinary teams of engineers and scientists work in a collaborative environment that inspires the cross-fertilization of ideas necessary for true...,Today,Entry-level,Full-time,https://www.indeed.com/rc/clk?jk=654525341a8b81cd&fccid=d0c9ee4c016565bd&vjs=3,"Benefits Representative, HR Operations.Draper.Cambridge, MA"
Building Engineer - Boston MA,Able Services,"Boston, MA 02134 ","Computer skills and building automation systems experience required. Under the supervision of Chief Engineer and/or Assistant Chief Engineer, responsible for...",29 days ago,Entry-level,Full-time,https://www.indeed.com/rc/clk?jk=509c2959c790a49c&fccid=4632bf39c94488f5&vjs=3,"Building Engineer - Boston MA.Able Services.Boston, MA 02134 "
"C#, API Automation Engineer for Energy Conservation Company",Workbridge Associates,"Andover, MA","This automation engineering position is responsible for developing and executing comprehensive suites of automation test plans and test cases, maintaining and...",11 days ago,Entry-level,Full-time,https://www.indeed.com/rc/clk?jk=2e7d64fc404d8e4a&fccid=a6920e0a635e5c4e&vjs=3,"C#, API Automation Engineer for Energy Conservation Company.Workbridge Associates.Andover, MA"
C++ Developer,Celerity,"Waltham, MA 02451",C++ Software Engineer. You're a business professional with an innate curiosity that thrives in a dynamic and Agile environment....,Today,Entry-level,Full-time,https://www.indeed.com/rc/clk?jk=2026f0b18bd82ddc&fccid=7517673e1483abb3&vjs=3,"C++ Developer.Celerity.Waltham, MA 02451"
CAD Draftsman,"MOUNTAIN, LTD","Westminster, MA",Receive project assignments from project engineers or operations manager and prepare submittal documentation. Prepare electrical systems drawings such as floor...,9 days ago,Entry-level,Full-time,"https://www.indeed.com/company/MOUNTAIN,-LTD/jobs/CAD-Draftsman-7356a8d1a7738a8b?fccid=8a1c97750f6e1896&vjs=3","CAD Draftsman.MOUNTAIN, LTD.Westminster, MA"
"CT Technologist, full-time overnights",Massachusetts General Hospital,"Boston, MA","Informs appropriate personnel when problem in equipment exits, calls service engineers when repair is indicated....",2 days ago,Entry-level,Full-time,https://www.indeed.com/rc/clk?jk=eef3ca5eb7bf4862&fccid=3aaabf5c54e51db9&vjs=3,"CT Technologist, full-time overnights.Massachusetts General Hospital.Boston, MA"
Chaos Engineer,Wayfair,"Boston, MA 02116 ","DwellStudio , unexpected modern design for everyday life. If you are on the early side of your career, you should be able to do systems scripting, preferably in...",Today,Entry-level,Full-time,https://www.indeed.com/rc/clk?jk=3e1ca7bf883ebf46&fccid=95485c6456ed2114&vjs=3,"Chaos Engineer.Wayfair.Boston, MA 02116 "
Client Support Engineer 1,True Fit,"Boston, MA",Maintain working knowledge of products including new releases and new products. Receive client issues via True Fit ticketing system regarding product...,12 days ago,Entry-level,Full-time,https://www.indeed.com/rc/clk?jk=af3bb3fd8765e4df&fccid=e1ce3551f3071e90&vjs=3,"Client Support Engineer 1.True Fit.Boston, MA"
"Columbia Gas of Massachusetts Field Operators - Brockton, MA",NiSource,"Brockton, MA",Possess current MA CDL (CDL A or CDL B) and MA Hoisting Engineer License. Must possess or have the ability to obtain valid operators and commercial driver's...,11 days ago,Entry-level,Full-time,https://www.indeed.com/rc/clk?jk=0d6909328841af70&fccid=35fef21a8d974e09&vjs=3,"Columbia Gas of Massachusetts Field Operators - Brockton, MA.NiSource.Brockton, MA"
Communications Specialist I,"Pike Electric, Inc.","Littleton, MA",Work closely with all departments to ensure project timelines are met and final product conveys the correct information....,23 days ago,Entry-level,Full-time,https://www.indeed.com/rc/clk?jk=560f2fb845a8adba&fccid=4ba0f3cf14aea854&vjs=3,"Communications Specialist I.Pike Electric, Inc..Littleton, MA"
Competitive Intelligence Analyst,Wayfair,"Boston, MA 02116 ","Wayfair, an online destination for all things home Joss & Main, where beautiful furniture and finds meet irresistible savings AllModern , a go-to online source...",3 days ago,Entry-level,Full-time,https://www.indeed.com/rc/clk?jk=e22b4c92960dc493&fccid=95485c6456ed2114&vjs=3,"Competitive Intelligence Analyst.Wayfair.Boston, MA 02116 "
Compiler Engineer - Open Compute,"Advanced Micro Devices, Inc.","Boxborough, MA",AMD Radeon Open Compute Group is looking to hire a world class Compiler Engineer to work in a talented and motivated team of great engineers....,1 day ago,Entry-level,Full-time,https://www.indeed.com/rc/clk?jk=f0cdd9a2c73f8b75&fccid=b45c4b5a9c9a7448&vjs=3,"Compiler Engineer - Open Compute.Advanced Micro Devices, Inc..Boxborough, MA"
Conceptual Design Engineer / Architect,Draper,"Cambridge, MA","Conceptual system design methods such as Tradespace Exploration (TSE), Multi-Objective Decision Making (MODM), and/or Multi-Disciplinary Design and Optimization...",Sponsored?,Entry-level,Full-time,https://www.indeed.com/pagead/clk?mo=r&ad=-6NYlbfkN0DShpIWiDqJuZeKUULl_K3HPEe9iTbyf9ps2mraiuT2EL96PYh9PTNQMg4PRqTQWU7g8cMdtJJu1XEyf5ixTyprmy-Y0CLcB-Iea4GNORzBp3AsPO9WmWknm7C6qAoMM8ttMRWysllw7LfaMsVhbzOLDIY8HGo6J5-sHsHEAFAmCqGdc0W81ud-S_1kHcqlGoGAwmfIsuNITrbxdOVZ6YZghu7Xy979pHznzXJfKmLLE4B_IY3SL58eMDP5S7k23HnTWtCnksZKHvmvWVKi9mkRj-i8TFFVj8n3X2gmHy5K6jKoulU6-ttQOZ4k4CEwrd0G9LxmfOuv7zzulbxqI3ulec7TUkq3t9A1WeH5FpWSJCVS_dv9pNnm5n56Gtm_4OjJw1pcyCMBZZ3Bumdi4E5fg0lrInrCHL-1qLgtn1FtXNtVKgPvWGZOVJd1dWelkwUwH-sLScHKKKVZ4yt_mAtkTkeSgxnO1cFAxVrZxTxEa2zpT5z5jqK5m-DDzAVwivvkXoep9_HxhjxznQnQLfB8XVO4T4wrf58YzY55VuRWFyWSh621J-pIVTDxyjirflRtjOCtDWRaUMkOdEPo8n2d_COtEOJejMUt9TNY-Bi-2w2zG0-_LdkU&vjs=3&p=1&sk=&fvj=0,"Conceptual Design Engineer / Architect.Draper.Cambridge, MA"
DSP Research Engineer-Music Information Retrieval,"iZotope, Inc.","Cambridge, MA 02139 ",DSP Research Engineer. Experience working with product managers to define and implement product requirements....,10 days ago,Entry-level,Full-time,https://www.indeed.com/rc/clk?jk=86eafefbec372481&fccid=f690bf90bbd6aa20&vjs=3,"DSP Research Engineer-Music Information Retrieval.iZotope, Inc..Cambridge, MA 02139 "
Data Analyst,Mondo,"Burlington, MA","Four-year degree in the nursing or biomedical engineering degree (physicians, nurse, risk managers or biomed engineers)....",Today,Entry-level,Full-time,https://www.indeed.com/company/Mondo/jobs/Data-Analyst-43912fb71182244b?fccid=0dd1345d80423eb6&vjs=3,"Data Analyst.Mondo.Burlington, MA"
Data Center Engineer 1,Oath Inc,"Quincy, MA",Oath’s Data Center Operations team includes a group of highly skilled and dedicated Facilities Engineers that perform all electrical and mechanical operations...,6 days ago,Entry-level,Full-time,https://www.indeed.com/rc/clk?jk=e1e12914bd497f73&fccid=ec7026b814653f27&vjs=3,"Data Center Engineer 1.Oath Inc.Quincy, MA"
Deployment Engineer,6 River Systems,"Waltham, MA",Work with the mechanical and electrical engineers on troubleshooting field issues. Basic mechanical and electrical repair skills....,Sponsored?,Entry-level,Full-time,https://www.indeed.com/pagead/clk?mo=r&ad=-6NYlbfkN0D2R_9Jxp0_KmQTZ967B36NyeTHN-pCfmulZT8noSuoyueEW4H_ZKPiPmziHZnVzCVQSNJGBrSeKchKQdn5xu5qhpMGPY9lalHpYSAwSCc-GPoMUSQM1xw1qhmOxbL3KxGKkOM_oc47MwMaAJm7WpRBX-15qP4MFrV-6DiNYvTpAzJ_jmju2Tn-yZdMk9_-xQ3_lDmW3O8h7u6SHuOaXd45vT85UpZeSjD7QPoCYK2vlno-wXk8_jwR7gixj6iM36P6_gMHRzom_YKtOwz6Un4YvxUkC2Lw_jCIuA9wKIQd6p2rGd6xksfTPRIn_MuSd31cmgd1u_dTYgp70Y3esCoRRalE6p65uw15KjH5FUtHMoPJaKN6Bw4_f70gCvMo3tR3XNpYiHA3RO4CtKDp-h1bYPcSqqzunmGCQVfvHbF4QziBqGCsqNTPSCnAS1Y9lYiPno_YSZi0HQ==&vjs=3&p=1&sk=&fvj=1,"Deployment Engineer.6 River Systems.Waltham, MA"
Deployment Engineer,Amazon.com,"North Reading, MA","Comfort working as both part of a high-performing team and as an entirely independent performer. As a Deployment Engineer, you will collaborate with a talented...",11 days ago,Entry-level,Full-time,https://www.indeed.com/rc/clk?jk=47896acb7175e2d2&fccid=fe2d21eef233e94a&vjs=3,"Deployment Engineer.Amazon.com.North Reading, MA"
Design Engineer,000000,"Hudson, MA","Provide design engineering support for manufacturing radomes, antenna reflectors and other related composite products. Requirements • Holds an engineering...",26 days ago,Entry-level,Full-time,https://www.indeed.com/company/MFA---Talent-Managemetn/jobs/Design-Engineer-a8ed1ee45e216a31?fccid=aa3092bc38bff233&vjs=3,"Design Engineer.000000.Hudson, MA"
DevOps Engineer,WinterWyman,"Cambridge, MA 02138 ","Solid grasp of automation tools (Puppet preferred). Our client, located in the Boston area, seeks a knowledgeable and driven DevOps Engineer....",1 day ago,Entry-level,Full-time,https://www.indeed.com/rc/clk?jk=4060dfee485220a8&fccid=a6084b1ce661ea3c&vjs=3,"DevOps Engineer.WinterWyman.Cambridge, MA 02138 "
DevOps Engineer,Micro Tech Staffing Group,"Lexington, MA",Participating in the design of future cloud environments as we plan for scale and growth. Expert knowledge of DevOps and Software as a Service (SaaS)...,3 days ago,Entry-level,Full-time,https://www.indeed.com/rc/clk?jk=36266edb3a8efa77&fccid=b4a35b4803648521&vjs=3,"DevOps Engineer.Micro Tech Staffing Group.Lexington, MA"
DevOps Engineer,IT Mantra,"Wellesley, MA 02481","Experience with infrastructure automation tools (such as Docker, Ansible, Packer, Vault, Consul). Provided by Dice DevOps Eng - Jenkins, Automation tools (...",Sponsored?,Entry-level,Full-time,https://www.indeed.com/pagead/clk?mo=r&ad=-6NYlbfkN0DUnwefsF7K5sI9KMOiuTab93Tl5aV87o5poBYEvjEbgE7oyuYH0UeAhALLy4-EmfXdGUPcDMi84i4AARBK3E6prGLaVIIfLeTKRcNL_vnd6k9CB3t0bMQQ7Yb2PG4csN2fR_wHVNUtxyloU0RP-AcxPKCxasx5gO3nf1GOY30OXW9g55Xk3ta5dW86ny0zsRNUVu79pjzRHqJ1pySGA0Pwz8ZJqwsyDGKySPbOo3he3WmdxP4IX6HsJnAzz9U9KHnZo1CV34SMjsFZpeeB20hmmiJvTRniD_WxlCZbUIazp4fWW3mk8LC8WznCZ_izgmtdQqT1lvRCINDLhKqV2x4yCyrCz4IycqrYxFkOAXrqjrSECFRKkRCRez-mgLiKh55PzvgaNH6BoIDZqTKVb3HOPy2Ae8VKdxtKUuJe2vqzXrCuS98sXTjcMpbvf9uZTOFa8sEO2YYYHawQLmpFLu-0FSL8M3lgj_CBPdGWXjb22UIK_wgU7j2adHJod9SE9UIWZS-9PVzdI9AzdA9omvo7O4yotV4E4SyyTRbWOPmYqJM2vkIxeQCpIPXEvculRNXn2s9hv664WmjbtdGMreqNEPOXKJNT_sjKYZpTB2uX2w1NrbgtGhnydHcs48Asq9-86iSmPXqz7gnxVr-UUaoA0ZM7H8qOsWBcwQrNzfHQNmESGooIT2ZBll0sRB1h6FrLMY6cJI8Sna5lqAXQ0UVmQRsUTbSloYVMTfHVbRsl6rJV_3N1pnNvYqou574DCe9NgRNgI7fYreRmYNCXOCrqESAf8eK61c7HJ1pMLnjrNoob0Y0hEeIqZi4uk_dV65Bh0h0YdTYG-yBoKikMh4EhuaSCKGVyh-H5sEt5u96L59vtIjVu1oKERFfAKaNk1u1bqCySqWxxb7K9XQUaTHFT&vjs=3&p=7&sk=&fvj=0,"DevOps Engineer.IT Mantra.Wellesley, MA 02481"
DevOps Engineer,Workbridge Associates,"Burlington, MA",A SaaS start-up in Burlington that created a development and deployment software platform used by Fortune 500 companies is seeking a DevOps Engineer....,1 day ago,Entry-level,Full-time,https://www.indeed.com/rc/clk?jk=ad070205c43b605c&fccid=a6920e0a635e5c4e&vjs=3,"DevOps Engineer.Workbridge Associates.Burlington, MA"
DevOps Engineer,Strategic Employment Partners,"Boston, MA","Technical Operations Engineer (AWS, Jenkins, Linux). Whether you're a System Administrator, Support Engineer, or Jr DevOps Engineer, this role is a fit if you...",29 days ago,Entry-level,Full-time,https://www.indeed.com/rc/clk?jk=01c3604666d85439&fccid=ae836b4513efc3af&vjs=3,"DevOps Engineer.Strategic Employment Partners.Boston, MA"
DevOps Engineer ,Relevance Lab Inc.,"Littleton, MA","Firmware content automation with Ansible. Automation of Servers, compute, storage, and network devices. Relevance Lab is a DevOps specialized company focused on...",16 days ago,Entry-level,Full-time,https://www.indeed.com/company/Relevance-Lab-Inc./jobs/Devop-Engineer-25aa56a2f70a6f77?fccid=83e23f7964f204da&vjs=3,"DevOps Engineer .Relevance Lab Inc..Littleton, MA"
DevOps Engineer - 2nd Shift,Wayfair,"Boston, MA 02116 ","AllModern, your home for affordable modern design. DwellStudio, a design house with a decidedly modern vibe....",2 days ago,Entry-level,Full-time,https://www.indeed.com/rc/clk?jk=d020c8ac1dd429a4&fccid=95485c6456ed2114&vjs=3,"DevOps Engineer - 2nd Shift.Wayfair.Boston, MA 02116 "
Developer in Test,WinterWyman,"Boston, MA 02111 ",Experience testing and writing Automation for system level software. Great company and the opportunity to work with a group of very talented engineers !...,25 days ago,Entry-level,Full-time,https://www.indeed.com/rc/clk?jk=ef790e440ab51b95&fccid=a6084b1ce661ea3c&vjs=3,"Developer in Test.WinterWyman.Boston, MA 02111 "
Diesel Mechanic,City of Gardner,"Gardner, MA 01440","A Hoisting Engineer License issued by the Department of Public Safety for crawler and rubber tired excavators, backhoes, and front-end loaders....",10 days ago,Entry-level,Full-time,https://www.indeed.com/company/City-of-Gardner/jobs/Diesel-Mechanic-86d90cc9a80d3c2a?fccid=ad7f09efcaf58e59&vjs=3,"Diesel Mechanic.City of Gardner.Gardner, MA 01440"
EDM Service Engineer,Methods Machine Tools Inc.,"Sudbury, MA","Our service technicians perform installations, complete electrical and mechanical repairs, and satisfy our customer’s needs every day....",8 days ago,Entry-level,Full-time,https://www.indeed.com/rc/clk?jk=afa4916f9a066560&fccid=ad2aac9f49e3537b&vjs=3,"EDM Service Engineer.Methods Machine Tools Inc..Sudbury, MA"
Electrical / Mechanical Design Engineer,Mako Life Science,"Beverly, MA",Mechanical Engineering Design - Big plus. Preferably an Electrical Engineer withMechanical Design experience as well....,18 days ago,Entry-level,Full-time,https://www.indeed.com/rc/clk?jk=36ba1b9c842017df&fccid=7f002be5b886c9eb&vjs=3,"Electrical / Mechanical Design Engineer.Mako Life Science.Beverly, MA"
Electrical AutoCAD Drafter,Micro Tech Staffing Group,"Canton, MA","Reads architectural, structural, mechanical, electrical floor plans, section and elevations; Prepares documentation requesting clarification of original design...",10 days ago,Entry-level,Full-time,https://www.indeed.com/rc/clk?jk=83751dde742b3877&fccid=b4a35b4803648521&vjs=3,"Electrical AutoCAD Drafter.Micro Tech Staffing Group.Canton, MA"
Electrical Designer/CAD Operators,R.W. Sullivan Engineering,"Boston, MA","R.W. Sullivan Engineering provides HVAC, Plumbing, Fire Protection, Electrical Engineering, Code Consulting Services and, Commissioning Services to some of...",3 days ago,Entry-level,Full-time,https://www.indeed.com/company/R.W.-Sullivan-Engineering/jobs/Electrical-Designer-CAD-Operator-33a644b590dd0344?fccid=032da201cdad8b67&vjs=3,"Electrical Designer/CAD Operators.R.W. Sullivan Engineering.Boston, MA"
Electrical Engineer,CM Electrical,"Natick, MA",Job Summary MUST HAVES:  1) Bachelors or Masters of Electrical Engineering 2) Electrical design experience 3) Low voltage circuit design experience 4...,5 days ago,Entry-level,Full-time,https://www.indeed.com/company/CM-Electrical/jobs/Electrical-Engineer-9ec37557616493ab?fccid=b540080b80b88b65&vjs=3,"Electrical Engineer.CM Electrical.Natick, MA"
Electrical Engineer - Rotational Program,"Brooks Automation, Inc.","Chelmsford, MA 01824","Successful Engineers at Brooks are those who value teamwork, innovation, continuous improvement and lifelong learning....",22 days ago,Entry-level,Full-time,https://www.indeed.com/rc/clk?jk=cbb26c9ca65c1860&fccid=3de495cd590aeb4a&vjs=3,"Electrical Engineer - Rotational Program.Brooks Automation, Inc..Chelmsford, MA 01824"
Electro/Mechanical Tech looking to learn Automation/Robotics,Essilor ,"Dudley, MA","Consult with customers, supervisor, and engineers to plan layout of equipment and to resolve problems in system operation and maintenance....",15 days ago,Entry-level,Full-time,https://www.indeed.com/rc/clk?jk=c4e73f9a309ecd9f&fccid=558c18682367a9a1&vjs=3,"Electro/Mechanical Tech looking to learn Automation/Robotics.Essilor .Dudley, MA"
Electronics Engineer,U.S. Federal Government,"Cambridge, MA","Electrical And Electronics Engineers. Makes both oral and written presentations to project scientists, project engineers, and technical representatives of...",1 day ago,Entry-level,Full-time,https://www.indeed.com/rc/clk?jk=f878e486d58daa61&fccid=662289e1e3aea148&vjs=3,"Electronics Engineer.U.S. Federal Government.Cambridge, MA"
Embedded Engineer,Wintriss Controls Group,"Acton, MA 01720",Ability to work in a team environment and take direction from senior engineers. Wintriss Controls Group - is seeking a multi-talented individual to join our...,4 days ago,Entry-level,Full-time,https://www.indeed.com/company/Wintriss-Controls-Group/jobs/Embedded-Engineer-c298c08544b89f79?fccid=9426128cd691e5cb&vjs=3,"Embedded Engineer.Wintriss Controls Group.Acton, MA 01720"
Engineer I,Mott MacDonald,"Westwood, MA",You will also function as a support engineer on small-to-medium size projects. As the candidate develops engineering experience they will have frequent...,16 days ago,Entry-level,Full-time,https://www.indeed.com/rc/clk?jk=2fd13242755bc104&fccid=edb4bf50a19b70a9&vjs=3,"Engineer I.Mott MacDonald.Westwood, MA"
Engineer Systems 2,Northrop Grumman,"Andover, MA 05544","Northrop Grumman Technical Services sector is seeking a Systems Engineer to join our team of qualified, diverse individuals....",1 day ago,Entry-level,Full-time,https://www.indeed.com/rc/clk?jk=ba000afc0f60e330&fccid=11619ce0d3c2c733&vjs=3,"Engineer Systems 2.Northrop Grumman.Andover, MA 05544"
Engineer l ,Weston & Sampson,"Foxborough, MA","Assist the Senior Engineer with engineering studies, designs, and specifications, and will visit job sites to perform project tasks as directed by the Senior...",3 days ago,Entry-level,Full-time,https://www.indeed.com/rc/clk?jk=26c2872816ee2d22&fccid=a7c65706f17770b7&vjs=3,"Engineer l .Weston & Sampson.Foxborough, MA"
Engineering Assistant/Field Engineer ,Turner Construction Company,"Boston, MA 02210 ","Project Engineer or Engineer. While performing the duties of this job, the employee is sometimes exposed to moving mechanical parts....",23 days ago,Entry-level,Full-time,https://www.indeed.com/rc/clk?jk=9dea145cb9e811e6&fccid=1f9a6328e6e785f3&vjs=3,Engineering Assistant/Field Engineer 
Engineering Facilities Support,Formlabs,"Somerville, MA","Creative and love to be around innovative people and products. If you want to bring groundbreaking professional 3D printers to the desktop of every designer,...",Sponsored?,Entry-level,Full-time,https://www.indeed.com/pagead/clk?mo=r&ad=-6NYlbfkN0C_VVNCy5EwlI5C1t8VXN9w_OvHeChiZTZ18iEh_UIEASFIhwUuEN8WUYhoqBMJOZz-NmXfyBKB1RyJNfEGIW8U6esCjQvWjN9_1ZpkhXpMRvfQPZF7VIytbhy6nrIM5ryyOSo2fsPl7GVg8_twYo-STDvMyHf_AcmP7dqKNSlTyMMeMVqQRGKySWKbIV-l_SCL4IgPgUAu9KWZaKFR0MZZNh2TngfdD6EDBZaSpREOJ7A1LAGibGkp_pxSjpHifEctxWs_50ZHIndWAF-GJzQZqzklNJ515eTZTz022AyuZqNXi5BniY8HV0fcTc4acjB5WfqgS0RN3HCyuDpKgGpQnTkDEH4Pz2vb4WWzF3LzlODsH1-t7ANBT1Q4in7I55ztPSUZMBxJmVgZT7868pU6gguDqblYNib7rxYBBUTGN_AeAUz-GoSOsHem3fI8CGgdL1EYuRzC3VcrbjnKC8mp&vjs=3&p=2&sk=&fvj=1,"Engineering Facilities Support.Formlabs.Somerville, MA"
Engineering Tech,Temp-Secure Staffing,"Hudson, MA","Job Summary Ability to read and comprehend customer drawings, associated specifications and any additional assembly requirements found within the customer...",10 days ago,Entry-level,Full-time,https://www.indeed.com/company/Temp2040/jobs/Engineering-Tech-57d80f1ca5e9e6f9?fccid=096b2f67b59ba5c7&vjs=3,"Engineering Tech.Temp-Secure Staffing.Hudson, MA"
Entry Level CNC Machinist,Micro Tech Staffing Group,"Northborough, MA",We are looking to train a candidate to work with our CNC machinists and engineers. Growing company looking for a motivated and coachable individual....,11 days ago,Entry-level,Full-time,https://www.indeed.com/rc/clk?jk=8d776be63908d02a&fccid=b4a35b4803648521&vjs=3,"Entry Level CNC Machinist.Micro Tech Staffing Group.Northborough, MA"
Entry Level Design Assistant,Newgrange Design,"Wakefield, MA",Great personal and communication skills are important for both internal and external interaction. The first several months are spent in training and are meant...,16 days ago,Entry-level,Full-time,https://www.indeed.com/company/Newgrange-Design/jobs/Entry-Level-Design-Assistant-49ebf6fba9f27e0a?fccid=82ab9cfd9602c8a0&vjs=3,"Entry Level Design Assistant.Newgrange Design.Wakefield, MA"
Entry Level Drinking Water Engineer,"Kleinfelder, Inc.","Cambridge, MA","Kleinfelder’s integrated, award-winning experts collaborate with clients to meet their objectives - from project inception through design and execution....",2 days ago,Entry-level,Full-time,https://www.indeed.com/rc/clk?jk=3a25bd39b4832458&fccid=5be5cf4956979448&vjs=3,"Entry Level Drinking Water Engineer.Kleinfelder, Inc..Cambridge, MA"
Entry Level Mechanical Engineer,Micro Tech Staffing Group,"Ipswich, MA",BS in Mechanical Engineering. Multiple openings at our industry-leading defense/aerospace client in the Ipswich area for recent (2016/2017) Mechanical Engineer...,9 days ago,Entry-level,Full-time,https://www.indeed.com/rc/clk?jk=42b10c65faeaafca&fccid=b4a35b4803648521&vjs=3,"Entry Level Mechanical Engineer.Micro Tech Staffing Group.Ipswich, MA"
Entry Level Programmer/Systems Engineer,Senscio Systems,"Boxborough, MA 01719","You will report to the Chief Software Engineer and Architect. We design, build and program hardware devices for end-users with chronic health conditions....",29 days ago,Entry-level,Full-time,https://www.indeed.com/company/Senscio-Systems/jobs/Entry-Level-Programmer-System-Engineer-eabcb83b30472e57?fccid=e275f94a82d0eacc&vjs=3,"Entry Level Programmer/Systems Engineer.Senscio Systems.Boxborough, MA 01719"
Entry-Level CAD Engineer,The Select Group,"Sunderland, MA","This company has multiple career paths for you to follow – you could go on to become project leads, project managers, telecom engineers, etc.!...",15 days ago,Entry-level,Full-time,https://www.indeed.com/company/The-Select-Group/jobs/Entry-Level-CAD-Engineer-62a0e53b444e4eba?fccid=22276109b6696bfe&vjs=3,"Entry-Level CAD Engineer.The Select Group.Sunderland, MA"
Equipment Engineering Tech 4 Weekend Nights,Skyworks,"Woburn, MA",May perform equipment modifications as directed by manufacturing engineers. Performs electrical or mechanical troubleshooting to determine problems in non...,12 days ago,Entry-level,Full-time,https://www.indeed.com/rc/clk?jk=ffa6e40149836aad&fccid=dd65ff8c995d54b5&vjs=3,"Equipment Engineering Tech 4 Weekend Nights.Skyworks.Woburn, MA"
Experienced Nuclear Plant Electrical and Systems Engineer,"Engineering Planning and Management, Inc. ","Framingham, MA",EPM has immediate openings in the Framingham office for electrical and mechanical systems engineers. Both contract and permanent positions are available....,Sponsored?,Entry-level,Full-time,https://www.indeed.com/pagead/clk?mo=r&ad=-6NYlbfkN0BfdJ3mH08LtnGXzyANXL5CRrH40yavIc3atA9Q_niDCe7E5ySdtuTfgUqh9bxTGu1BsOmM59X-0nqgf4HM56peb9udHZYFIREMfNAgTMcIoAxGYePz6pUFDeTXNRwCAeF7UvPKaEDPl-4INVrVlTTFi6kVefMVxrw4ydUsMyOgxyHttNAATnm2S23XzvJDyxxgz6VgiBCjq-oWnEe066vOzOb-ekKDXftq6CJggzJIsUQUQ5-Bn7dv2_9Q7GB0Qy6C-AWc3INg8F6DLvGEssvwIPEzlWpdv9jTaEEgLobkUQrMemckBycHLxPqx235vYKkIXBcdIMaNEzrjq_7baLQw1TK7yfAMNU3Zj1AHSNQq5i17srgGu_tHNIqcLD0OgZDZYZM048TIQCrUWnJKpv6ALRwY8q4SMyV35ydv9sjnFRUvvbEvrFh_KDGui_iXNR8IVO7l69lfroGzBxC4tHKc8e7Px92nDSJhwmBpZ_VlaADVTEZWFqf2aoHxSnUsPE=&vjs=3&p=10&sk=&fvj=1,"Experienced Nuclear Plant Electrical and Systems Engineer.Engineering Planning and Management, Inc. .Framingham, MA"
Field Application Scientist  Process Management Informatics,"Accelrys, Inc.","Milford, MA 01757","In Chemical Engineering, Bioprocess Engineering, Chemistry, Biology, Mechanical Engineering or related fields. BIOVIA, a Dassault Systèmes brand, is the leading...",15 days ago,Entry-level,Full-time,https://www.indeed.com/rc/clk?jk=11f7f02243c12286&fccid=6c258446e914f4c8&vjs=3,"Field Application Scientist  Process Management Informatics.Accelrys, Inc..Milford, MA 01757"
Field Engineer 2 ,Axelon Services Corporation,"Burlington, MA",Fully qualified field engineer. Ensures customer satisfaction by advising customers on preventative maintenance and configurations which may impact product...,3 days ago,Entry-level,Full-time,https://www.indeed.com/rc/clk?jk=3d36736215a4550d&fccid=a2fd5c513bd4fabb&vjs=3,"Field Engineer 2 .Axelon Services Corporation.Burlington, MA"
Field Engineer I,Skanska,"Boston, MA",The Field Engineer 1 has a degree in Engineering or Construction Management. The Field Engineer will be given responsibilities and decision mak i ng autho ri ty...,2 days ago,Entry-level,Full-time,https://www.indeed.com/rc/clk?jk=a7fa0d6195f54a51&fccid=dff698b4c6f4c302&vjs=3,"Field Engineer I.Skanska.Boston, MA"
Field Service Engineer,Econocorp Inc.,"Randolph, MA 02368","Work with engineering to continuously improve product design for reliability, serviceability and customer satisfaction....",Sponsored?,Entry-level,Full-time,https://www.indeed.com/pagead/clk?mo=r&ad=-6NYlbfkN0CgH52dqs0JVwnFrFsAwiLOgkhaCL__Thlp9i-tsKRMarVY33nYmeeYAzOLO4PrSxjZ1ymthg7BVYQsAFMHOPDWak33Q1NfZO9pEpfZ7Rbev8gLTBfHL9F7UZD3NJ-l3F6owN_HeXiSpIFc8Max8Xf5fw7zK5VvldaFkZA1_4gLXoV8cq0P5x3AiI5Cu8W-Xr4dEWeMhvXndV8Lt5Hx9bhnTyNalvbpNDAUXeQkiaQGuA8OVGh3rjy48auZQwQ4G5WTAhRpFoaeSSHr7gioXY1Rk_FKID3zNCc_h8BDSc0V0B4Tcc21plbv9m8wNjQj-Gs51j2uy8SLv8ooYCOMYVz0IJNVgkOSnC-B9akekvM6riNRaM1KuYSfJmUvxsOv-xaZDecTLcpIj0K8lIAxrpDTNkBeo0mfbZLbshyFHJqdi71DsrVRLjQk-wCWa6srfII=&vjs=3&p=2&sk=&fvj=1,"Field Service Engineer.Econocorp Inc..Randolph, MA 02368"
Field Service Engineer,"Beacon Engineering Resources, Inc.","Boston, MA",Field Service Engineer or Technical Support Engineer. Previous experience performing on-site hardware support during product launches and equipment...,2 days ago,Entry-level,Full-time,https://www.indeed.com/company/Beacon-Engineering/jobs/Field-Service-Engineer-c0480ed9a9142b9a?fccid=13b10109eacedd24&vjs=3,"Field Service Engineer.Beacon Engineering Resources, Inc..Boston, MA"
Field Service Engineer,"Formulatrix, Inc.","Bedford, MA","Formulatrix, a leading provider of protein crystallography, liquid handling and PCR automation solutions, seeks a field service engineer to join our world-class...",Sponsored?,Entry-level,Full-time,https://www.indeed.com/pagead/clk?mo=r&ad=-6NYlbfkN0AjsbPSdyss73w28QaMWpRR6GtVXmpsIAk3cHZrHkoY_l37VEhOWaJ7DjgnSl9I1biNhwgxhWbjB58Z53Cp2PyCp7L4hfh7ISsBZ6x_xwLQ3XwU5VF4j5i-sk78eYIjY2sPR7RHnaBYHyX8-rGD8jaWfRH5LtyeMQNoVCKNs2bzJae40YlVlg-d9JhhUFRIeJslhCqicJ8BGXvWm86kBlwmWCaC5_OX71NxlBrt5XBObVZCBScOtxqSqtQK9O2opXPAhZ0H-u6xF-_tdb4IcCWTs0cMMmIGDp0vaCuBmSnpiWMCtIaPJfRZ-Tolr8ROcVhlz7VVdrahNpjv2jIhRnWZo3zegQ83devmtEihGAjS2Qj8hQzTqEqHy6SB_tBXVfbZBeuut3D-WSDhWy5HTkGCTVR5jdoGGBxD_8tgjRmLT79jtmrX4Viw7i2OUUlnKRvDuja0KVLtxA==&vjs=3&p=5&sk=&fvj=1,"Field Service Engineer.Formulatrix, Inc..Bedford, MA"
Field Service Engineer,centrotherm,"Oxford, MA 01540",centrotherm manufactures top notch semiconductor systems and we are getting big orders in. Your job as a service technician would be keeping our customers...,2 days ago,Entry-level,Full-time,https://www.indeed.com/pagead/clk?mo=r&ad=-6NYlbfkN0CtArLp4pl9iltmVDXG23u2w4dc1bv1mZjD86Brjb4lHggcpCEuXYawjvHxYMf-Hezg9bc3BlrIxbXaUkOFzmkND3Y9sKhPfvL8o_x1aF2IzvcRkxtKvx0tfTyVauCTvXg8WGSHTNecvAYOo_qMvt2C4Xc9fHCHzjiKDaJgWeOK-ztNaEDJBLk8-4aQ02cVG8qCgqjaD6eXND2fzrua96_4VsnnF2f-QIo2jUy2T25ApvkOSqnbE6wS7VxICaeNbt1DpV8k0HCoRlEMRj71rpptbI2xZJNH-nQmeV8VBI2oztaGUuLNzjsoDKPVCIicKPbbcPrVuQiEptOYlSNmHBv9j_zbB7lpFiQVZZ_0dw3dYeHi16KJ6s3O-qZfr8GF-sd04p88Uzu9rTUw2qnJFRI81cUVRsx0COFuL85c-j2pz1hdWVFO9P5RTRzfQwxWH3Y=&vjs=3&p=4&sk=&fvj=1,"Field Service Engineer.centrotherm.Oxford, MA 01540"
Filter Design Engineer,SynergyIS,"Southborough, MA",Filter Design Engineer*. Mechanical design CAD package... Experience with a mechanical design CAD package such as:....,4 days ago,Entry-level,Full-time,https://www.indeed.com/company/Big6/jobs/Filter-Design-Engineer-78eef3c87f2bac7c?fccid=950a53d484f7c965&vjs=3,"Filter Design Engineer.SynergyIS.Southborough, MA"
Filter Design Engineer,Alley Recruits,"Marlborough, MA",REPORTS TO Product Line Director. Select and specify components used in the design and production of the product....,3 days ago,Entry-level,Full-time,https://www.indeed.com/rc/clk?jk=3f82a233295a7e2d&fccid=eaebac568e3e7422&vjs=3,"Filter Design Engineer.Alley Recruits.Marlborough, MA"
"Frontend Engineer - React.js, d3 ",WinterWyman,"Boston, MA 02111 ","UI Developer – React.js The Founders, recently coming off of a huge success / liquidity event, identified a need to simplify an arduous process for non...",1 day ago,Entry-level,Full-time,https://www.indeed.com/rc/clk?jk=50d4be6004c046bf&fccid=a6084b1ce661ea3c&vjs=3,"Frontend Engineer - React.js, d3 "
Genl Construction Inspector I,Commonwealth of Massachusetts,"Worcester, MA",Resident Engineers (Civil Engineer III) rely heavily on general construction inspectors to ensure compliance with the contract specifications and correct...,2 days ago,Entry-level,Full-time,https://www.indeed.com/rc/clk?jk=ed9330b0de909313&fccid=4dd38d4e4cf0b7c0&vjs=3,"Genl Construction Inspector I.Commonwealth of Massachusetts.Worcester, MA"
HVAC Engineer,Eagle SNG,"Boston, MA","Must have the ability to provide mechanical systems design including calculations, equipment selection and sizing, control strategy and layout of ductwork...",21 days ago,Entry-level,Full-time,https://www.indeed.com/rc/clk?jk=02c4c1f3f25166b4&fccid=c647a20678f7095d&vjs=3,"HVAC Engineer.Eagle SNG.Boston, MA"
Healthcare Consulting Analyst: Biomedical Engineering,"Fletcher Spaght, Inc.","Boston, MA 02116 ","Analysts’ efforts are a major component of every project we do. Responsibilities include information gathering, data analysis, and presentation writing. Most...",Today,Entry-level,Full-time,https://www.indeed.com/rc/clk?jk=3eb6ad01b86b807b&fccid=927b70eb88d71ce4&vjs=3,"Healthcare Consulting Analyst: Biomedical Engineering.Fletcher Spaght, Inc..Boston, MA 02116 "
IC Layout Engineer,Analog Devices,"Wilmington, MA 01887","The candidate’s responsibilities will include transistor level place and route in both the bipolar and cmos domain, close collaboration with design engineers on...",3 days ago,Entry-level,Full-time,https://www.indeed.com/rc/clk?jk=8a7d71084386fd52&fccid=795688f508690d17&vjs=3,"IC Layout Engineer.Analog Devices.Wilmington, MA 01887"
ICS PCE PACE,Raytheon,"Marlborough, MA 01752","The PACE will report to the Business Area Chief Engineer, and will have dotted line technical responsibility for chief engineers assigned performing on the...",26 days ago,Entry-level,Full-time,https://www.indeed.com/rc/clk?jk=4982f15c4b4c1b98&fccid=aa53b551f9df0210&vjs=3,"ICS PCE PACE.Raytheon.Marlborough, MA 01752"
IN HOUSE / PATENT ATTORNEY ,New England Legal Search,"Boston, MA","Dynamic, innovative, consumer products company seeks 4th – 8th year patent attorney with background in electrical engineering, mechanical engineering, computer...",Today,Entry-level,Full-time,https://www.indeed.com/rc/clk?jk=7e5b8f6dec280e26&fccid=8cab2aa445482892&vjs=3,"IN HOUSE / PATENT ATTORNEY .New England Legal Search.Boston, MA"
IP Logic Design Engineer,Intel,"Hudson, MA 01749","Determines architecture design, logic design, and system simulation. Performs all aspects of the SoC design flow from highlevel design to synthesis, place and...",14 days ago,Entry-level,Full-time,https://www.indeed.com/rc/clk?jk=3ad4251713b5cff3&fccid=f1374be6a45f4b8a&vjs=3,"IP Logic Design Engineer.Intel.Hudson, MA 01749"
"IT Compliance Specialist, Associate",Sanofi US,"Framingham, MA",The IT Compliance Specialist will be part of the Boston Hub ITS & Automation organization supporting sites in the Boston region serving as a technical expert...,17 days ago,Entry-level,Full-time,https://www.indeed.com/rc/clk?jk=b6a1576194faf79e&fccid=5d3ed74ca4598964&vjs=3,"IT Compliance Specialist, Associate.Sanofi US.Framingham, MA"
IT Engineers,Wipro Limited,"Boston, MA","Work may include system configuration, troubleshooting, monitoring, testing, design, and development. Mechanical Engineering (with programming language...",1 day ago,Entry-level,Full-time,https://www.indeed.com/rc/clk?jk=e72e44591a0e6259&fccid=8d25321c1defe73f&vjs=3,"IT Engineers.Wipro Limited.Boston, MA"
IT Support Specialist,"Insource Services, Inc.","Boston, MA 02114 ","On an ongoing basis, manage small projects (as needed), deliver and remove computer equipment, assign, update, and report on client tasks/tickets and...",1 day ago,Entry-level,Full-time,https://www.indeed.com/rc/clk?jk=6e42cfe599b8ad1f&fccid=2df4e958c23bf71c&vjs=3,"IT Support Specialist.Insource Services, Inc..Boston, MA 02114 "
IT Systems Engineer,nscglobal,"Boston, MA",IT Systems Engineer. NSC Global is currently looking for an IT Systems Engineer to join our growing company. Our goal is to partner with world-class enterprises...,4 days ago,Entry-level,Full-time,https://www.indeed.com/rc/clk?jk=923617f05432fee1&fccid=6596f3f1a553737b&vjs=3,"IT Systems Engineer.nscglobal.Boston, MA"
Imaging Field Service Engineer ,Philips,"Providence, RI",Understanding of mechanical theory preferred. Have and maintain a valid driver’s license. In order to ensure reasonable accommodation for individuals protected...,Sponsored?,Entry-level,Full-time,https://www.indeed.com/pagead/clk?mo=r&ad=-6NYlbfkN0B_ic_lyYdB92l-47iK7M2O-Cx2i-GLy_ImdN3yuA5nHl2bZBpVCXodF-VM5OOGXf5SDJ6LyFfODlIFCHTR77-bv2iFq8GoPAAGFh3pVWyG62gwykzCxVRLZUtBsz-8JuewIZFE8jIEUc0IVtRicENNF78MX9XWYPG2Yj_Dom6sOx-Y8XOOJ1mSqcHSOw-TPOcvUaIrbwrHeVQ97pS8xVPWpK4waelgPPM7anAHkitad8LKPRT3ujaLRpdFJZYqcHrMUPpbF1NTn6OiFwIUH9hDzM2GdgBX--5K2fHiXYILxArxpxRJcSWoY8b3aJDcU4GBn04Qmd5ykgbnPZbHcHt-OF-WDaVidRjp0dJucJD6Zj8zEcNKedv9XhL2Y5ZQHAOH7vGnqZEgcNapIdu-r1lv1cIRcWc0exlDl1v2R0LF77UYtghbs0Lhx7rN0WfvLnBgJiO4Q-TVTKMdSTpfzi-YBXTv8SSau67O35FUjSvP_eGhaqsekZjw4awuOLOvMM_nu7fLQn4NivLiOCuIYB9N3hwRoGrMnsVQ8pKZisCMqlvAvqgKaNSGW3V--sOP25Moc_riIuaSvQ==&vjs=3&p=7&sk=&fvj=0,"Imaging Field Service Engineer .Philips.Providence, RI"
Industrial Designer/Engineer,Core Concepts Inc.,"Franklin, MA 02038",The ability to collaborate with other designers and take direction from clients and management. Work with Design and Fabrication Team to design and engineer...,8 days ago,Entry-level,Full-time,https://www.indeed.com/company/Core-Concepts-Inc./jobs/Industrial-Designer-Engineer-b457d9118c1af3c2?fccid=abc2e55266002bb2&vjs=3,"Industrial Designer/Engineer.Core Concepts Inc..Franklin, MA 02038"
Intellectual Property Officer,MIT,"Cambridge, MA","This position embodies a unique overlap of technology, business, and law and affords the opportunity to know some of the world’s brightest scientists and...",2 days ago,Entry-level,Full-time,https://www.indeed.com/rc/clk?jk=16e3dbc74ec7d036&fccid=71cf745ec1b3aae4&vjs=3,"Intellectual Property Officer.MIT.Cambridge, MA"
Janitor/Porter,Related Management,"Boston, MA","Vision requirements include both close range and long distance vision. Building maintenance environment, indoor/outdoor, consisting of exposure to moving...",3 days ago,Entry-level,Full-time,https://www.indeed.com/rc/clk?jk=eb268034b8e86f2f&fccid=1d767b2c9bb5ef8e&vjs=3,"Janitor/Porter.Related Management.Boston, MA"
Javascript Developer- New BS Grad,Raytheon,"Cambridge, MA","Today, BBN's scientists and engineers are working to advance the state-of-the-art on topics ranging from machine language translation to quantum cryptography....",1 day ago,Entry-level,Full-time,https://www.indeed.com/rc/clk?jk=2ff0baae27faffd5&fccid=aa53b551f9df0210&vjs=3,"Javascript Developer- New BS Grad.Raytheon.Cambridge, MA"
Jr. Simulation Engineer,Draper,"Cambridge, MA","Computer, Mechanical, Electrical, or Aerospace. The Simulation group is seeking a Simulation Engineer with skills applicable to developing hardware-in-the-loop...",5 days ago,Entry-level,Full-time,https://www.indeed.com/rc/clk?jk=c9aeeba69a5c8e85&fccid=d0c9ee4c016565bd&vjs=3,"Jr. Simulation Engineer.Draper.Cambridge, MA"
Jr. Systems Engineer,Cognition Financial Corporation,"Boston, MA 02116 ","Daily responsibilities include configuration, automation, performance tuning, security hardening, backups, patch and upgrade management of EMC storage products,...",4 days ago,Entry-level,Full-time,https://www.indeed.com/rc/clk?jk=1ac310b6faa151f6&fccid=60aef7bae7c6c254&vjs=3,"Jr. Systems Engineer.Cognition Financial Corporation.Boston, MA 02116 "
Junior DevOps Engineer,Workbridge Associates,"Marlborough, MA","DevOps Engineer eager to learn and develop their career. This Education SaaS company is able to extend functionality for Admissions, Registrar, Business Office...",3 days ago,Entry-level,Full-time,https://www.indeed.com/rc/clk?jk=94813622dbc381f0&fccid=a6920e0a635e5c4e&vjs=3,"Junior DevOps Engineer.Workbridge Associates.Marlborough, MA"
Junior Python Data Analyst working with cutting edge technology!,Jobspring Partners,"Waltham, MA",Experience as a Python engineer is a requirement. This company is one of the driving forces in the business to business information industry....,2 days ago,Entry-level,Full-time,https://www.indeed.com/rc/clk?jk=90af17a55ad5d5e1&fccid=4a2d2fbadf14d480&vjs=3,"Junior Python Data Analyst working with cutting edge technology!.Jobspring Partners.Waltham, MA"
Junior QA Engineer,The Kraft Group,"Foxborough, MA 02035","QA engineer responsibilities include designing and implementing tests, debugging and defining corrective actions....",8 days ago,Entry-level,Full-time,https://www.indeed.com/rc/clk?jk=671c322080d3135e&fccid=a874bc74e692e876&vjs=3,"Junior QA Engineer.The Kraft Group.Foxborough, MA 02035"
Junior Technology Associate,LifeCanvas Technologies Inc.,"Boston, MA",Prior experience in managing product lifecycle or taking a prototype out of a lab to commercialization a plus....,5 days ago,Entry-level,Full-time,https://www.indeed.com/company/LifeCanvas-Technologies-Inc./jobs/Junior-Technology-Associate-abf4b8ad25162b1f?fccid=c8f6ea20c9d6affc&vjs=3,"Junior Technology Associate.LifeCanvas Technologies Inc..Boston, MA"
Large Order Operator,The Select Group,"Natick, MA",Ability to interface with customer walk-through and work with the product introduction group and engineers. LARGE ORDER OPERATOR*....,2 days ago,Entry-level,Full-time,https://www.indeed.com/company/The-Select-Group/jobs/Large-Order-Operator-77b7dfca8c3ff6d6?fccid=22276109b6696bfe&vjs=3,"Large Order Operator.The Select Group.Natick, MA"
Laser Physicist,Physical Sciences Inc.,"Boston, MA","Qualified candidates will have a demonstrated record of independent achievement in laser and nonlinear optics design, engineering, and construction....",6 days ago,Entry-level,Full-time,https://www.indeed.com/rc/clk?jk=51d063e6353a69d1&fccid=2f0040aca661ed55&vjs=3,"Laser Physicist.Physical Sciences Inc..Boston, MA"
Logic Design Engineer,Teradyne,"North Reading, MA 01864","The North Reading, MA offices of Teradyne is seeking an Entry level Logic Design Engineer . We are the test experts behind many of today’s electronics products...",5 days ago,Entry-level,Full-time,https://www.indeed.com/rc/clk?jk=bdcebfec5cdbd7d4&fccid=24b68f331fefccc0&vjs=3,"Logic Design Engineer.Teradyne.North Reading, MA 01864"
MEP Coordinator,Liberty Personnel Services,"Newton, MA","Construction, MEP, REVIT, Mechanical Engineer, Designer, Drafter, AutoCAD, Fire Protection, Plumbing, Piping, Commercial, Industrial, Engineering....",16 days ago,Entry-level,Full-time,https://www.indeed.com/rc/clk?jk=c3caa4e062cf2e12&fccid=0603f369a7fae38b&vjs=3,"MEP Coordinator.Liberty Personnel Services.Newton, MA"
MEP Coordinator,Dellbrook | JKS,"Quincy, MA","Ability to forge relationships with co-workers, Vendors, Subcontractors, Owners, Engineers, and Design professionals....",4 days ago,Entry-level,Full-time,https://www.indeed.com/rc/clk?jk=a84d289fcf578863&fccid=dd616958bd9ddc12&vjs=3,"MEP Coordinator.Dellbrook | JKS.Quincy, MA"
Machine Learning Signal Processing Engineer,Mitre Corporation,"Bedford, MA 01730",Machine Learning Signal Processing Engineer - (00047867). Design and analyze representation learning and deep/machine learning architectures compared to...,2 days ago,Entry-level,Full-time,https://www.indeed.com/rc/clk?jk=9c9c27428e29125d&fccid=fd03a1a845b02aae&vjs=3,"Machine Learning Signal Processing Engineer.Mitre Corporation.Bedford, MA 01730"
Material Handling Tech II,JLL,"Stoughton, MA",Material Handling Equipment Technician II (Operating Engineer). 4 years apprenticeship or equivalent experience in the Mechanical or Electrical field....,12 days ago,Entry-level,Full-time,https://www.indeed.com/rc/clk?jk=5f42ae8f94924a4f&fccid=9917de3c28f569f6&vjs=3,"Material Handling Tech II.JLL.Stoughton, MA"
Materials Science Associate,Exponent,"Natick, MA 01760",This position requires some travel and will involve collaboration with scientists and engineers from other Exponent offices and practices....,8 days ago,Entry-level,Full-time,https://www.indeed.com/rc/clk?jk=1056f2a9a3e247e5&fccid=0213df1b2d6a2c22&vjs=3,"Materials Science Associate.Exponent.Natick, MA 01760"
Mech Designer IV Documentation Specialist,Bose,"Framingham, MA 01701","Using CAD solid modeling best practices, assist Mechanical Engineers in various mechanical related activities throughout the product development cycle....",12 days ago,Entry-level,Full-time,https://www.indeed.com/rc/clk?jk=d492489887d42a5a&fccid=42f1e4ca72488e15&vjs=3,"Mech Designer IV Documentation Specialist.Bose.Framingham, MA 01701"
Mechanical Design Engineer,Staffmark,"Woodstock, CT",New Career Opportunity for a Mechanical Design Engineer to join our organization based on continued growth! 3+ Year's experience in Mechanical Design;...,1 day ago,Entry-level,Full-time,https://www.indeed.com/rc/clk?jk=00a6ac95c14634f3&fccid=a47e7eb0447a666e&vjs=3,"Mechanical Design Engineer.Staffmark.Woodstock, CT"
Mechanical Design Engineer,Rockwell Automation,"Devens, MA",The Mechanical Engineer is responsible for supporting all mechanical aspects of existing and new industrial linear motor product design with specialized focus...,3 days ago,Entry-level,Full-time,https://www.indeed.com/rc/clk?jk=2cb4ebf6f910b400&fccid=a4b7e90c6a891db3&vjs=3,"Mechanical Design Engineer.Rockwell Automation.Devens, MA"
Mechanical Designer III,Randstad General Staffing,"Framingham, MA 01701","Using CAD solid modeling best practices, assist Mechanical Engineers in various mechanical related activities throughout the product development cycle....",Sponsored?,Entry-level,Full-time,https://www.indeed.com/pagead/clk?mo=r&ad=-6NYlbfkN0BUSKXC311Qj2OemtykNJJGTRj-064zMYcHY6M0PiIip9ahlzCfEkGbkHhDZNfm1j_fAUJYKCzra-_9L6BUdg8Yj4g9FvvLVLge4460ptYUJYqnfownqh_AWPQx2fQpTKRQWk1HSfj9MjLwtdsVOo9s4u9DVvLEr0eXXzL3hLZ51NyGWG4QXwPgFJBesBc9AM9aSMYwAVdRVHjlTAWfxHp-enesm-8kXdoy5Alk2_7GyGo9cFiuCFp6VR_xG1xdYSuNewXcNhP4j9352AQ2cMLwPwtFT55y0YI5AN8jBfy1isE-wiNQDoEoFMXXzgyT2mbBQIcdrcknUpJ4nXdCeIMQ8L4PtN8ogI6LhIQq5KW_e8jGwg10xn4rBzmt0T-EfO_73T2EAsYDuzyCio0XlLkiP_htTCXZLda9cwRweGSr8Q==&vjs=3&p=8&sk=&fvj=0,"Mechanical Designer III.Randstad General Staffing.Framingham, MA 01701"
Mechanical Designer VI,Bose,"Framingham, MA 01701","Using CAD solid modeling best practices, assist Mechanical Engineers in various mechanical related activities throughout the product development cycle....",8 days ago,Entry-level,Full-time,https://www.indeed.com/rc/clk?jk=be66c93f0b3b9830&fccid=42f1e4ca72488e15&vjs=3,"Mechanical Designer VI.Bose.Framingham, MA 01701"
Mechanical Engineer,Analog Devices,"Chelmsford, MA","Design innovative mechanical packaging solutions for complex multi-chip assemblies, using both chip-and-wire and SMT technologies, working in close...",19 days ago,Entry-level,Full-time,https://www.indeed.com/rc/clk?jk=c3744cc5f6c46bf6&fccid=795688f508690d17&vjs=3,"Mechanical Engineer.Analog Devices.Chelmsford, MA"
Mechanical Engineer,"Businesses UTC Climate, Controls & Security","Ashland, MA","Immediate need for an Entry-Level Mechanical Engineer to perform design, analysis, modification and evaluation of mechanical temperature control parts...",1 day ago,Entry-level,Full-time,https://www.indeed.com/rc/clk?jk=12e5329a4017dc07&fccid=6cbff104648252f0&vjs=3,"Mechanical Engineer.Businesses UTC Climate, Controls & Security.Ashland, MA"
Mechanical Engineer - Rotational Program,"Brooks Automation, Inc.","Chelmsford, MA 01824","Successful Engineers at Brooks are those who value teamwork, innovation, continuous improvement and lifelong learning....",22 days ago,Entry-level,Full-time,https://www.indeed.com/rc/clk?jk=ed32b51fecd1b61d&fccid=3de495cd590aeb4a&vjs=3,"Mechanical Engineer - Rotational Program.Brooks Automation, Inc..Chelmsford, MA 01824"
Mechanical Engineer - well funded start-up,InnoTech Staffing,"Watertown, MA 02472","InnoTECH Staffing is looking to hire a Mechanical Engineer for well funded start up medical device client in the Watertown, MA area....",1 day ago,Entry-level,Full-time,https://www.indeed.com/rc/clk?jk=ef792a0278c5d8d3&fccid=4fa627f55e440ce3&vjs=3,"Mechanical Engineer - well funded start-up.InnoTech Staffing.Watertown, MA 02472"
Microassembly Engineer,Draper,"Cambridge, MA","The millimeter/micron-scale nature of the work requires significant microscope usage, both for assembly and metrology....",21 days ago,Entry-level,Full-time,https://www.indeed.com/rc/clk?jk=cf09cc454fb32903&fccid=d0c9ee4c016565bd&vjs=3,"Microassembly Engineer.Draper.Cambridge, MA"
Microservices Engineer,Bose,"Framingham, MA 01701","As a Microservices Engineer, you’ll have the opportunity to help build Bose’s next-generation cloud platform and microservices that enable awesome product...",12 days ago,Entry-level,Full-time,https://www.indeed.com/rc/clk?jk=15c5ed4943fe6cd9&fccid=42f1e4ca72488e15&vjs=3,"Microservices Engineer.Bose.Framingham, MA 01701"
Mining Engineer,CRH-Oldcastle,"Lunenburg, MA 01462","Keating Company, an Oldcastle Materials company, is a leading manufacturer of aggregate and HMA products and Paving and Construction in Massachusetts and Rhode...",15 days ago,Entry-level,Full-time,https://www.indeed.com/rc/clk?jk=3a5521d5f6e40043&fccid=062cf17fd2afaef0&vjs=3,"Mining Engineer.CRH-Oldcastle.Lunenburg, MA 01462"
Multi-Disciplined Engr I,Raytheon,"Andover, MA",Materials Engineers work through all stages of the product life offering support from design to production to refurbishment....,3 days ago,Entry-level,Full-time,https://www.indeed.com/rc/clk?jk=c4239cff09235986&fccid=aa53b551f9df0210&vjs=3,"Multi-Disciplined Engr I.Raytheon.Andover, MA"
Operating Engineer,JLL,"Hopkinton, MA","Individuals are expected to demonstrate technical expertise in one craft area (Electrical, HVAC, Piping/Plumbing, Central Utility Plant Operations) and be multi...",12 days ago,Entry-level,Full-time,https://www.indeed.com/rc/clk?jk=7f9d9a96d91dd18b&fccid=9917de3c28f569f6&vjs=3,"Operating Engineer.JLL.Hopkinton, MA"
Optimization Engineer,Philips,"Fitchburg, MA","Working collaboratively with system design engineers, requirement engineers and software development team members....",Sponsored?,Entry-level,Full-time,https://www.indeed.com/pagead/clk?mo=r&ad=-6NYlbfkN0B_ic_lyYdB92l-47iK7M2O-Cx2i-GLy_ImdN3yuA5nHuXvW__GoTeEI6i9FM2kb4CyAl6TryITEU9shQTc6yFZPyEh9a3ZWjRwW4VnmAsQbG5KRkKHvNo91Zj9kbRVVO9HszYEswUUobdWSqoWYJ_EGqzj5BRifVnoorfwvBbo0rccG2q6GXokbPiomRruNV7f4S3oCa7gigyg5YckONwTbgdOcwgDxIyZAVkGM_-P-U9WV6qMtRPzH7e0PUEtjeRlZTHNbXTn_lIBM2xqeUvKyPeCfrQuDes5Euo9LcomwnHUQItxdMVOUuzHeXmoJ-w8QPAhS_H1gYd1Ej8u8Tq0zlLcNKp3skzJJkZSIG8V96brXqDYu0NY68_qMhdg_DsA0RRGUQ0yzoVQVpiL9HaCVD8fpGeF1wr_Ltj3rO6_xuwSfFoqhlsSkqFs6dLrObZAxfqn_2SCfqQ-Xw1Rcs1jeeFYMF5Gvf_p1-FkzYfTVGjg4_PxHWWvwGV7PV06rBXCizuD3lxjD9itkS1g_hBLHTw4jdejNiQ=&vjs=3&p=5&sk=&fvj=0,"Optimization Engineer.Philips.Fitchburg, MA"
Patent Attorney Boston | IP | Partner / Of Counsel,IP Recruiter Group,"Boston, MA 02101","Lateral partner, patents, IP, intellectual property, prosecution, USPTO, licensing, transactions, opinions, M&A, infringement, litigation, electrical, computer...",11 days ago,Entry-level,Full-time,https://www.indeed.com/rc/clk?jk=1fb6f9234e50d653&fccid=31f1972b1b0a55fc&vjs=3,"Patent Attorney Boston | IP | Partner / Of Counsel.IP Recruiter Group.Boston, MA 02101"
Plumbing/Fire Protection Engineer,Allied Consulting Engineering Services,"Westford, MA","Keeps design file to include calculations, design input and problem resolutions. Responsible for technical accuracy and completeness of work and the timely...",2 days ago,Entry-level,Full-time,https://www.indeed.com/pagead/clk?mo=r&ad=-6NYlbfkN0C1YCfESvKIjpLfaemFvVkhGov8cjPXegiO8_mwvOMsD3f9IJt88r8mpHs-UMj3u6Wj4luHVGbxwhZmmtwnPY3gH7Wnv15P8eaFR6RCZn5PH1z8gaiwiBP-nxIXdBxgOkx38Sdj3WmTmcToYFvrRFKcnXZqi4qv5qd6VnX15o9Y6MxouL3T-Tm9MtAdMwmEo3YWNTc2hV37u4kX8OVV7flifIQBXyzqWkHfJKUJlpOUVUy2Le3561_Gmw4UOpopVCnHc6A5q0ofRRRxIhp-eKfk9suaOLKMhAxbjhR58n7QUDDH0w1fmSsq_8pvjVXHuEWjuh5ZEqtjDSN-H6qz8-YzdPxLRWBVM6bsnIOh1WimHP4C4CCteZiI89kJJBD_RIWAvY1zTwLbP8enBNPy86GRaRIRkf3Szo6xeUDhEjF1gTzjVzZql6RHOUeW5mXdgY7-72ZNAhg2TWfC3u2YSR_h&vjs=3&p=5&sk=&fvj=1,"Plumbing/Fire Protection Engineer.Allied Consulting Engineering Services.Westford, MA"
Polymer Test Engineer,GCR Technical Staffing,"Boston, MA",Polymer Testing Engineer*. Developing advanced *testing methodologies*....,16 days ago,Entry-level,Full-time,https://www.indeed.com/company/GCR-Temps/jobs/Polymer-Test-Engineer-c81360f32fdaed80?fccid=a6a2e3f740827bce&vjs=3,"Polymer Test Engineer.GCR Technical Staffing.Boston, MA"
Postdoctoral Associate,MIT,"Cambridge, MA","In an engineering discipline, preferably mechanical engineering, computer science, or a closely related field;...",8 days ago,Entry-level,Full-time,https://www.indeed.com/rc/clk?jk=4e85fec966552868&fccid=71cf745ec1b3aae4&vjs=3,"Postdoctoral Associate.MIT.Cambridge, MA"
Power Plant Engineer,CyberCoders,"Millbury, MA 01527","Power Plant Engineer. If you are a Power Plant Engineer with 1st or 2nd Class Steam Engineers license, please read on!...",Today,Entry-level,Full-time,https://www.indeed.com/pagead/clk?mo=r&ad=-6NYlbfkN0CpFJQzrgRR8WqXWK1qKKEqALWJw739KlKqr2H-MSI4eldIXl9Oy6YoMCfwRZEk-GGGKgTt2hOZHD99IJku7pfP8QzsnXO9MkDiOXR46Tp3KSwfegTGQqU9i_xeFab1chRGCTmU0r2bxcVT_blKWZYXqUUURDxIa59e0xetXk-6n0-3x5IRgu4eHW4vCddwIHvbe00jAAzsi3ogfRhuZmJzc16D6NUkOXE6PVY866YiJbtNoKH4mSfCJzRkCH40N2yrkMVRbRwQ3j_7ULZr1LcH9lgLyR4DF0acmPG0vHRnkgl_EkW2uW6yzkuM55ANW5yaOfg6ua72o2ySquLI3WMdouTvzJH64mVspaTsqsdT7KL5j70ky8OSnpC-T8u_aBrZ4J6ImgglX9QdDX5j2X40FvJVwGjNJxeRDBRHNTmmVSFBHaxOQq2LfgBo9570POdubpWkCp7iyYNmzajujCSPwZjd65VhEL8-ovscBBKnh1dEJ5TQsd-AIJwcltCi-bN1YjQCY-Ld2CqlBmFSd8YjcMzRgDq-ucB3bXDObfi6Eud3p_qxEvDLKbVdcmuU-yai-Umnp8rQfX5-dhEgiCrSqUROxERuZlPLHGBqbxyUOdSjLRtpSp-BRQPTsitXkVhyPNpGDcoj3W3RlvwWPeCMtIBJxMvS14UYUk_vhij86mK3wxRTLfwX&vjs=3&p=1&sk=&fvj=0,"Power Plant Engineer.CyberCoders.Millbury, MA 01527"
Process Development Engineer,Recruitomics Consulting,"Cambridge, MA",Process Development Engineer. We are currently seeking a highly motivated and enthusiastic Process Development Engineer to contribute to operation and...,9 days ago,Entry-level,Full-time,https://www.indeed.com/rc/clk?jk=fea143292d93cd9e&fccid=597bc5e657c0b78b&vjs=3,"Process Development Engineer.Recruitomics Consulting.Cambridge, MA"
Process Engineer,AccuRounds,"Avon, MA 02322",ASQ Certified Quality Engineer. Collaborate with process engineers when creating document for quality tools \*....,Sponsored?,Entry-level,Full-time,https://www.indeed.com/pagead/clk?mo=r&ad=-6NYlbfkN0BW_ZSr-Cla_PRVIqHBqX1ROv6ujf27H6WuLf5uwZZCgdb0HTmUJO_0HK28MV1y9TkqumILSooiaQTIOVuXLF_dJU9ectRD1lnA3fb1GNSZSkjwZVxXGtcZSwR-Lr0i5oN7KL7EXNf19dOVkWRcfpHOQF94JJHrNpePXDoFle1WVbxU_cqdF44RQLO8cNiuHuNBqDD0hKoHfd6rNi8dt7H49oaJPfUAdNzXNzyroTNK_q8xXU0ronaT5-iFVdmrKgiPD47PqydN_lntl0P8aRslda6svPxY3NyQhqbJcGRJJ5nBXkU1iZgBKY0qr3YCnTvwrBWVslnQK7z5zidLquO_1_LhnrSVQmDcjg9ZV4WFvxrEimb6w2zsboHtYyjkCpO2Osk230kwfW7sWyWutkfXreelvbYEmtqOa6wKUv_NEZLqNoQNaGIY&vjs=3&p=1&sk=&fvj=1,"Process Engineer.AccuRounds.Avon, MA 02322"
"Process Engineer Associate, Upstream",Sanofi US,"Framingham, MA","Constantly striving to make Genzyme a great place to work, and a company respected for the quality of its people and products....",28 days ago,Entry-level,Full-time,https://www.indeed.com/rc/clk?jk=3ba39ee11d7bf00b&fccid=5d3ed74ca4598964&vjs=3,"Process Engineer Associate, Upstream.Sanofi US.Framingham, MA"
Process Engineering Padawan ,Ginkgo Bioworks,"Boston, MA",Ginkgo’s mission is to make biology easier to engineer. Making biology easier to engineer is a tough nut to crack - we can’t afford to leave any talent untapped...,9 days ago,Entry-level,Full-time,https://www.indeed.com/rc/clk?jk=84d4f8219ff4c555&fccid=825850c889c17b10&vjs=3,"Process Engineering Padawan .Ginkgo Bioworks.Boston, MA"
Process Staff Engineer,Skyworks,"Woburn, MA","Process Staff Engineer. May conceive and plan projects involving definition and selection of new concepts, equipment automation technology, and approaches in...",2 days ago,Entry-level,Full-time,https://www.indeed.com/pagead/clk?mo=r&ad=-6NYlbfkN0DHQ2YF_lzanMOpjgFd_u1JSCUjxU03gesn9XxhbS0078tcirj8wtGno6w9uA2hFE6eDO2QawF24QFrEHhxGGiPCu41S_oJM-MXEo3V1qsqvbnzka6PFy4ZFf76W85eb-PJHNgeI30qiuh55e-FqTyVrG7BidcsbYBI20b46LEBNVuq0ekNRgRyaiB1GyMzpgynAS_6NoKxdV7k9_nhXRQkmGt8w7NIJdbIt8mqClUtKfj4bTsjWWL-GuBF65DW-MovcSfJ59vU9WWvjjGqdHSuTyc3oeK7ydW2fzDXl3hoIpflsM6WcNEXA_m2ARjOzSYMSRYW2bTJu__pIxVBeSavWWZUq1yna2g0W2yVb7OhdH60BbWi47ePYrSm6C0b_yqFp4E2_FgGcTKWTbWdFc57iB2gVOolxlCkzC3qYOF6R_AyMs5G9dqmfOyhq2LY-qrSVDB5EngxqiwLZpJInjT1JLlybUTW1J3PEJt_zXqYyaWogOlHf0RBSwVzHVSCGZF3viUwqy4_1c535G4nX2iA9UhdDM5Bku9SSSIf7TfXJ-8QkCzlEii1JRhsuY9LM59jLTjWy5GXiVXo4X46XCEeMI6yZHuJtXv_-94w64xVaz9vfljI229r&vjs=3&p=3&sk=&fvj=0,"Process Staff Engineer.Skyworks.Woburn, MA"
Product Analyst - Entry Level Engineering,Mondo,"Burlington, MA","Bachelor's degree in Biomedical Engineering, Electrical or Mechanical Engineering with up to one year of related industry experience;...",7 days ago,Entry-level,Full-time,https://www.indeed.com/company/Mondo/jobs/Product-Analyst-4b5f899cf8b5fcae?fccid=0dd1345d80423eb6&vjs=3,"Product Analyst - Entry Level Engineering.Mondo.Burlington, MA"
Product Designer,Panjiva,"Cambridge, MA",Ability to design both wireframes and pixel-accurate designs. Nineteen days of Paid Time Off (PTO) and 10 paid holidays annually....,27 days ago,Entry-level,Full-time,https://www.indeed.com/rc/clk?jk=6d0f5e63585bdc42&fccid=ae04332349a994b0&vjs=3,"Product Designer.Panjiva.Cambridge, MA"
Product Management Specialist,IDG,"Framingham, MA 01701",The Product Management Specialist is part of our product management team. The Product Management Specialist will work closely with senior product management...,26 days ago,Entry-level,Full-time,https://www.indeed.com/rc/clk?jk=af9406d2e4d549c6&fccid=762d441a1365e428&vjs=3,"Product Management Specialist.IDG.Framingham, MA 01701"
"Product Owner, SaaS",EBSCO Industries Inc,"Ipswich, MA 01938","Work with Customer satisfaction to make sure their needs are met in the design process, training, deployment and support....",3 days ago,Entry-level,Full-time,https://www.indeed.com/rc/clk?jk=c55389df181c175d&fccid=7e0289b65af55f6f&vjs=3,"Product Owner, SaaS.EBSCO Industries Inc.Ipswich, MA 01938"
Product Specialist / Business Analyst,Charles River Development,"Burlington, MA","Utilize expertise in specific product areas to ensure the product meets customer expectations. Involvement in all aspects of the software product life cycle,...",6 days ago,Entry-level,Full-time,https://www.indeed.com/rc/clk?jk=2c362eb67df88157&fccid=0112f8e5a9993aae&vjs=3,"Product Specialist / Business Analyst.Charles River Development.Burlington, MA"
Project Engineer,Lendlease,"Boston, MA",The Project Engineer is primarily responsible for aiding the project staff in the preconstruction and construction stages of a project....,2 days ago,Entry-level,Full-time,https://www.indeed.com/rc/clk?jk=6cfb8940b1450e4a&fccid=76df37c4fa13a99e&vjs=3,"Project Engineer.Lendlease.Boston, MA"
Provisioning Analyst,Fuze,"Boston, MA","Proficiency with MS office suite of products including Word, Excel, PowerPoint and Visio are essential. You will work alongside our team of Provisioning Network...",3 days ago,Entry-level,Full-time,https://www.indeed.com/rc/clk?jk=7d05df703d45a0e9&fccid=0b6405689ca00670&vjs=3,"Provisioning Analyst.Fuze.Boston, MA"
QA Analyst,"Allegro MicroSystems, LLC","Worcester, MA 01606",Support Customer Quality Engineers in development of customer presentations/metrics. The primary job responsibilities include:....,16 days ago,Entry-level,Full-time,https://www.indeed.com/rc/clk?jk=cefc6eb070895fdd&fccid=cc81fa91d296b234&vjs=3,"QA Analyst.Allegro MicroSystems, LLC.Worcester, MA 01606"
QA Automation Engineer,Kronos Incorporated,"Lowell, MA",Kronos is seeking a Software Engineer In Test (SW QA Engineer) to join our Device Management Team in our Lowell Headquarters....,4 days ago,Entry-level,Full-time,https://www.indeed.com/rc/clk?jk=f2f5aa9480722f20&fccid=afc24ec0a7c48ef4&vjs=3,"QA Automation Engineer.Kronos Incorporated.Lowell, MA"
QA Automation Engineer,Workbridge Associates,"Boston, MA",Define and establish automation strategy and process. Able to work with current offshore (Mumbai based) automation team....,3 days ago,Entry-level,Full-time,https://www.indeed.com/rc/clk?jk=f2d606597054ac7d&fccid=a6920e0a635e5c4e&vjs=3,"QA Automation Engineer.Workbridge Associates.Boston, MA"
QA Automation Engineer for Financial Startup,Jobspring Partners,"Cambridge, MA","Quality Assurance automation experience. Selenium, Behat or some other automation testing tool. This test engineer will be responsible for testing their...",25 days ago,Entry-level,Full-time,https://www.indeed.com/rc/clk?jk=f5b0b1dd36ac63b8&fccid=4a2d2fbadf14d480&vjs=3,"QA Automation Engineer for Financial Startup.Jobspring Partners.Cambridge, MA"
QA Engineer,SSG,"Needham, MA","We’re looking for someone who gets excited about being a pro-active, solutions-focused QA Engineer. We combine expertise in project management, business...",2 days ago,Entry-level,Full-time,https://www.indeed.com/rc/clk?jk=9b21ba4f0282da32&fccid=bcf8f341fe2ad3bd&vjs=3,"QA Engineer.SSG.Needham, MA"
QA Engineer,Communications & Power Industries,"Beverly, MA 01915",This is not a Software Quality Engineer position! Perform technical problem solving skills using quality tools in support of QA Department related to data...,3 days ago,Entry-level,Full-time,https://www.indeed.com/rc/clk?jk=fb8646f2879e9ede&fccid=802de5ea0152bd90&vjs=3,"QA Engineer.Communications & Power Industries.Beverly, MA 01915"
R&D Engineer,Cabot Corporation,"Billerica, MA 01821","Knowledge of composite materials design and characterization a plus. Work closely with the rubber scientists and chemists to design particles, develop and...",2 days ago,Entry-level,Full-time,https://www.indeed.com/rc/clk?jk=37dd78b2f490ff3c&fccid=75929a410097a9db&vjs=3,"R&D Engineer.Cabot Corporation.Billerica, MA 01821"
"R&D Engineer, II",Synopsys,"Marlboro, MA","Demonstrated experience with efficient algorithm, data structure design, parallelism. Is looking for a senior software engineer to work on the industry's...",12 days ago,Entry-level,Full-time,https://www.indeed.com/rc/clk?jk=4fc11a99be047ead&fccid=6ce9eba87609c3e9&vjs=3,"R&D Engineer, II.Synopsys.Marlboro, MA"
RF Filter Design Engineer ,"SCSBDG, LLC","Marlborough, MA","The RF Filter Design Engineer is responsible for the design and development of RF and microwave filters, components and subassemblies....",10 days ago,Entry-level,Full-time,https://www.indeed.com/company/SC-Small-Business-Development-Group/jobs/Rf-Filter-Design-Engineer-e98727f56c3464ed?fccid=7f05a6b417636f27&vjs=3,"RF Filter Design Engineer .SCSBDG, LLC.Marlborough, MA"
RSA Partner Engineer,DELL,"Bedford, MA",Work cross functionally to enable RSA products for 3rd party integration. Evangelize the RSA Ready program through product demonstrations and technical...,1 day ago,Entry-level,Full-time,https://www.indeed.com/rc/clk?jk=0ed361357216d95c&fccid=0918a251e6902f97&vjs=3,"RSA Partner Engineer.DELL.Bedford, MA"
Radar Systems Engineer- Entry Level,Riverside Research,"Boston, MA","Strong interest in, and capability to rapidly learn, radar system performance analysis, including design and capability assessments....",7 days ago,Entry-level,Full-time,https://www.indeed.com/rc/clk?jk=eac8e2db25f0d190&fccid=d81796328c01c258&vjs=3,"Radar Systems Engineer- Entry Level.Riverside Research.Boston, MA"
Relationship Development Associate,Granite Telecommunications,"Quincy, MA",Will be working alongside Granite Support to coordinate the building and delivery of annual reviews & in addition they will work alongside an Solutions Engineer...,4 days ago,Entry-level,Full-time,https://www.indeed.com/rc/clk?jk=ee809860fcc2b8ee&fccid=40abf9aeefc5d4f2&vjs=3,"Relationship Development Associate.Granite Telecommunications.Quincy, MA"
Remote Support Engineer,"Data Evolution, LLC","Woburn, MA",Knowledge or Microsoft Infrastructure products and Active Directory. The Remote Support Engineers will function as a member of the Remote Support Team....,Sponsored?,Entry-level,Full-time,https://www.indeed.com/pagead/clk?mo=r&ad=-6NYlbfkN0B1thiT9k0B9ZFn0CoT2Jhkd_xZ0l3qGwu4-LqwMq19suRv5ToNx580dKj5yKFWvvcJzZ45Q8O65tSP2ngFLmaY0CJ33YMaBgx-NYYEx2vq7AdqD3MsLzHeL6eUsS53Tv6zaKdPLTpm5Qk8IAFzE_E0cXslNkrCWpMttO9gqGnW3o3yumKcaUT29YvZA5YgFS8K5C5B_xD1UfvfIG8FWuttD4gDIvt2ymKEllXHrdRmS6MlyWpuaIytHN44Cx_dP1i2MQwdlPilJIIp1pHrEUch8MVASBi_ePuPAE-CLGDZtY5oTClZgzQ8sXvtYwaVI3_EI9cEkcOdYsVueB9ftXvdJnqZkuEnlijYL5nJLCtUOXEGxNc5lRvSEJSY_fj6ikgQp-TlVLFG-9VFjw1LDIxy_kwDKhNPmNO4L6EeIkmFOwkDgWDp98hYdKVvA1Gbq7U=&vjs=3&p=4&sk=&fvj=1,"Remote Support Engineer.Data Evolution, LLC.Woburn, MA"
Research Associate,Commonwealth Sciences,"Cambridge, MA","CWS works with a variety of disciplines and levels from Research Associates to Scientists, Engineers, Managers and Directors....",1 day ago,Entry-level,Full-time,https://www.indeed.com/rc/clk?jk=fa69c7b76dae76f5&fccid=1939a984aaacd7e4&vjs=3,"Research Associate.Commonwealth Sciences.Cambridge, MA"
"Research Associate, NGS",Ginkgo Bioworks,"Boston, MA","At Ginkgo Bioworks, we engineer organisms to address fundamental challenges the world is facing today. Organism engineers at Ginkgo learn from nature to develop...",2 days ago,Entry-level,Full-time,https://www.indeed.com/rc/clk?jk=b3c856b96a597dc6&fccid=825850c889c17b10&vjs=3,"Research Associate, NGS.Ginkgo Bioworks.Boston, MA"
Research Engineer,Massachusetts General Hospital,"Boston, MA","Experience with mechanical. Mechanical testing of biological samples. Provides microcomputed tomography (µCT), mechanical testing, and clinical HR-pQCT....",20 days ago,Entry-level,Full-time,https://www.indeed.com/rc/clk?jk=73eeffe78448021a&fccid=3aaabf5c54e51db9&vjs=3,"Research Engineer.Massachusetts General Hospital.Boston, MA"
Research Scientist-Anode,A123 Systems,"Waltham, MA 02451","Interact with laboratory technicians, scientists, and engineers to ensure engineering statement of work (ESOW) tasks are completed within the agreed upon...",4 days ago,Entry-level,Full-time,https://www.indeed.com/company/A123-Systems/jobs/Research-Scientist-Anode-1c1a56a54878a58e?fccid=de86a6975323e2a5&vjs=3,"Research Scientist-Anode.A123 Systems.Waltham, MA 02451"
SW Developer Engineer in Test - Mobile,"Sonos, Inc","Boston, MA 02110 ",What You’ll Do Collaborate with other Software Engineers to deliver well-tested features Review specifications to design an effective manual and automated test...,25 days ago,Entry-level,Full-time,https://www.indeed.com/rc/clk?jk=af8cd66be0a31f9e&fccid=a3ad90904ce59650&vjs=3,"SW Developer Engineer in Test - Mobile.Sonos, Inc.Boston, MA 02110 "
Scientist- Augmented and Virtual Reality ,Charles River Analytics,"Cambridge, MA",Data-driven design techniques and requirements generation. Augmented and virtual reality human-computer interaction (HCI) design....,4 days ago,Entry-level,Full-time,https://www.indeed.com/rc/clk?jk=fb8ca390d04bc8d0&fccid=fd70a4a10ea0b4c7&vjs=3,"Scientist- Augmented and Virtual Reality .Charles River Analytics.Cambridge, MA"
Scientist- Augmented and Virtual Reality ,Charles River Analytics Inc.,"Cambridge, MA","Evaluate daily progress and influence the direction of software and hardware engineering teams (e.g., coordinate day-to-day responsibilities with other...",4 days ago,Entry-level,Full-time,https://www.indeed.com/rc/clk?jk=112c753784bd74c3&fccid=ec6af9d1eb7139ba&vjs=3,"Scientist- Augmented and Virtual Reality .Charles River Analytics Inc..Cambridge, MA"
Seasonal Engineering Aide I,Commonwealth of Massachusetts,"Worcester, MA","Under the direction of the Environmental Monitoring Group supervisor or his designees, the successful applicants will: -Participate in water quality and...",9 days ago,Entry-level,Full-time,https://www.indeed.com/rc/clk?jk=409241899b6195d3&fccid=4dd38d4e4cf0b7c0&vjs=3,"Seasonal Engineering Aide I.Commonwealth of Massachusetts.Worcester, MA"
Security Engineer,Phantom,"Boston, MA","Identify customer needs, requirements, and business drivers for automation and orchestration solutions. A successful candidate will be able to identify business...",22 days ago,Entry-level,Full-time,https://www.indeed.com/rc/clk?jk=3809f309c2570c66&fccid=bb307ecf9644ad08&vjs=3,"Security Engineer.Phantom.Boston, MA"
Security/Cyber Security Design Engineer,TRC,"Lowell, MA","The candidate will provide support and execute assigned tasks related to the field assessment, design, and engineering of security systems....",6 days ago,Entry-level,Full-time,https://www.indeed.com/rc/clk?jk=e076d203fc0a6f80&fccid=a2c283f41ce437af&vjs=3,"Security/Cyber Security Design Engineer.TRC.Lowell, MA"
Sensor and Safety Integration Engineer I,"SICK, Inc.","Stoughton, MA","Analyze project functional specifications and requirements, scope of work, all design criteria documents and proposals as needed to support the design of the...",4 days ago,Entry-level,Full-time,https://www.indeed.com/rc/clk?jk=d0046917af80487f&fccid=2d850c742397165a&vjs=3,"Sensor and Safety Integration Engineer I.SICK, Inc..Stoughton, MA"
Solutions Engineer,6 River Systems,"Waltham, MA",Partner with engineering and product management to identify new product requirements and enhancements. We are searching for a solutions engineer to design the...,2 days ago,Entry-level,Full-time,https://www.indeed.com/rc/clk?jk=cb7efcbf026ceade&fccid=172652eb18470d2f&vjs=3,"Solutions Engineer.6 River Systems.Waltham, MA"
Structural Engineer,WSP USA,"Boston, MA","Leading structural design and construction tasks; WSP USA designs lasting solutions in the buildings, transportation, energy, water and environment sectors....",2 days ago,Entry-level,Full-time,https://www.indeed.com/rc/clk?jk=02a8a513feb08d40&fccid=0c9fc109eb8096e4&vjs=3,"Structural Engineer.WSP USA.Boston, MA"
Student Trainee ,Department of the Army,"Natick, MA","This intern position is designed to prepare a student trainee for employment after graduation as a Chemical Engineer, Research Physicist, Materials Engineer or...",15 days ago,Entry-level,Full-time,https://www.indeed.com/rc/clk?jk=9751e98fc0c9d933&fccid=c3b8389ba1f05d96&vjs=3,"Student Trainee .Department of the Army.Natick, MA"
Supervisory General Engineer,Department of Defense,"Tewksbury, MA","Engineers, All Other. Engineer education or professional certificates). The letter must be signed by the engineer who provided the professional engineer...",4 days ago,Entry-level,Full-time,https://www.indeed.com/rc/clk?jk=f0ed18b461285bbd&fccid=ca509b164585637a&vjs=3,"Supervisory General Engineer.Department of Defense.Tewksbury, MA"
"Supervisory Mechanical Engineer, GS-0830-15 ",Department of Transportation,"Cambridge, MA","If you are applying to an engineering position and are qualifying based on possessing a current Professional Engineer (PE) license, or passing the Engineer in...",1 day ago,Entry-level,Full-time,https://www.indeed.com/rc/clk?jk=b426f9970aefd759&fccid=5b0288fa591ac208&vjs=3,"Supervisory Mechanical Engineer, GS-0830-15 .Department of Transportation.Cambridge, MA"
Systems Engineer - Rotational Program,"Brooks Automation, Inc.","Chelmsford, MA 01824","Brooks Automation, located in Chelmsford, MA, is looking for multiple May 2018 Engineering Graduates for our Engineering Development Program, which will begin...",22 days ago,Entry-level,Full-time,https://www.indeed.com/rc/clk?jk=c03f1d08f513d7c6&fccid=3de495cd590aeb4a&vjs=3,"Systems Engineer - Rotational Program.Brooks Automation, Inc..Chelmsford, MA 01824"
TechStudent-Sophomore,Raytheon,"Andover, MA","Systems Engineers are also involved in integration, string testing, fielding and operational tests. In support of design and requirements generation, the...",9 days ago,Entry-level,Full-time,https://www.indeed.com/rc/clk?jk=668fac0050c6092f&fccid=aa53b551f9df0210&vjs=3,"TechStudent-Sophomore.Raytheon.Andover, MA"
Technical Customer Support Engineer,Rethink Robotics,"Boston, MA",Technical Customer Support Engineer. Technical Customer Support Engineer Mission & Responsibilities. Monitor support tickets over time to assist Field...,16 days ago,Entry-level,Full-time,https://www.indeed.com/rc/clk?jk=7f45f43f3db993e3&fccid=073896476449feac&vjs=3,"Technical Customer Support Engineer.Rethink Robotics.Boston, MA"
Technology Systems Designer,"Bard, Rao and Athanas Consulting Engineers","Boston, MA","Founded in 1975, Bard, Rao + Athanas Consulting Engineers (BR+A) maintains a total staff of 300 employees located at our main office in Boston and branch...",Sponsored?,Entry-level,Full-time,https://www.indeed.com/pagead/clk?mo=r&ad=-6NYlbfkN0CLbw0QLKWmigLpMLX5Cta-Ciiz7YGuZxiA7xmC_Fd84iHAmUgdo6VHoz3k6eY42IV4nsSwlzV-KAlMcsp-22lYFYlqTEWm1HB5HfH58vawok3vwpLkDZsPYp9JmjOKdjcgIh7EMWTwyjU-erRKrgNun6uIrQZfuabwyhsEfQ-GhYPISCQJLxNA2BFWFvkqmhm9fpWMrXUCqW6kygsXTVW7fGxTi49zoQo8A9SlSP6RXDqLczaMKCFnddkzmvCW_Xwv91Mh7ygPHI7Ey8KTMUpWAPtp-NoAkTp3vj--33Ai3Ii2zKgOcORNbulXlygH2TS1776d02YVh_8_haJTqIrofHsRlYvEOepG6p6T9bQMqWjun-rxJqas0goJYcX0A00YtwvQqRWvcjYA44wWdOXq5EzWNm3pnem6ocy3IKVAqeJKSOuxI2jgbOjKBpSWmn3bIxYcgWqhfIEdM9sCqyr4&vjs=3&p=1&sk=&fvj=1,"Technology Systems Designer.Bard, Rao and Athanas Consulting Engineers.Boston, MA"
Technology and Engineering Teacher - 1LT Charles W. Whitcomb School ,Marlborough Public Schools,"Marlborough, MA 01752",Work Year: 2018/2019 Salary: Placement on the Teachers’ Salary Scale according to education and experience. Organizational Relationship or Line of Authority...,15 days ago,Entry-level,Full-time,https://www.indeed.com/rc/clk?jk=90f31dba7475e7c1&fccid=668664fed048d490&vjs=3,"Technology and Engineering Teacher - 1LT Charles W. Whitcomb School .Marlborough Public Schools.Marlborough, MA 01752"
Temporary Scientist I,Vertex Pharmaceuticals,"Boston, MA 02110 ",Engineers at Vertex work in multidisciplinary scientific teams to bring basic medical discoveries to patients and physicians by applying fundamental chemistry...,3 days ago,Entry-level,Full-time,https://www.indeed.com/rc/clk?jk=d5b2c69406f941f8&fccid=14b7875e481a1a70&vjs=3,"Temporary Scientist I.Vertex Pharmaceuticals.Boston, MA 02110 "
Test Development - College Recruit,Teradyne,"North Reading, MA 01864","Teradyne is a leading supplier of automation equipment for test and industrial applications. Our North Reading, MA facility is currently seeking a recent...",5 days ago,Entry-level,Full-time,https://www.indeed.com/rc/clk?jk=a0742e20760b945c&fccid=24b68f331fefccc0&vjs=3,"Test Development - College Recruit.Teradyne.North Reading, MA 01864"
Test Engineer I,Raytheon,"Marlborough, MA 01752","As well as, software automation development and integration. Raytheon Intelligence, Information and Services (IIS) in Marlborough, MA is seeking a junior...",29 days ago,Entry-level,Full-time,https://www.indeed.com/rc/clk?jk=2734cef66f18aa8e&fccid=aa53b551f9df0210&vjs=3,"Test Engineer I.Raytheon.Marlborough, MA 01752"
Trade Space Exploration Architect,Draper,"Cambridge, MA","These solutions will often be cross-domain, cross-disciplinary system designs to meet the customer needs....",4 days ago,Entry-level,Full-time,https://www.indeed.com/rc/clk?jk=077300709c17674e&fccid=d0c9ee4c016565bd&vjs=3,"Trade Space Exploration Architect.Draper.Cambridge, MA"
Transportation Engineer,Stantec,"Burlington, MA",Conduct field visits during the design development process. Prepare design calculations and quantity take-offs for construction cost estimates....,3 days ago,Entry-level,Full-time,https://www.indeed.com/rc/clk?jk=75a21fbcfad32094&fccid=21a8fd40bfbef78d&vjs=3,"Transportation Engineer.Stantec.Burlington, MA"
Transportation Engineer,VHB,"Watertown, MA 02472",Familiarity with Adobe Creative Suites products preferred. VHB’s growing Transportation Planning practice is seeking an entry-level Transportation Engineer to...,4 days ago,Entry-level,Full-time,https://www.indeed.com/rc/clk?jk=c8881c3ecc433457&fccid=29798076a1c02467&vjs=3,"Transportation Engineer.VHB.Watertown, MA 02472"
UI/UX Designer,MeganSoft,"Woonsocket, RI 02895",Gather and evaluate user requirements in collaboration with product managers and engineers. Help shape our newest B2B products in an active in-house UX...,10 days ago,Entry-level,Full-time,https://www.indeed.com/rc/clk?jk=aef9b0b6d72cebfa&fccid=68cc4825fd599bac&vjs=3,"UI/UX Designer.MeganSoft.Woonsocket, RI 02895"
Unmanned Air System Prototyping Engineer,MORSE Corp,"Cambridge, MA","Experience integrating electrical and mechanical systems with microprocessors (Arduino, Raspberry Pi, equivalent), sensors, and actuators....",Sponsored?,Entry-level,Full-time,https://www.indeed.com/pagead/clk?mo=r&ad=-6NYlbfkN0AHsFIW_aN98wm30v3Y0a2btkoTPg4QDljdIgcFBoTY04Z6Id1bjYStfniSiilKmom0MqBzTdsTdtG8YsuNXI7Ed-_OjDFeyq203j31QB1btXMKVHYkSTfUSRIBMZVvmp2MmQBMlABKKm81OUtkOfleDcunaQ7vf-SbtKFI8bHzf93h3uqnML2WUNif3uq7yjRuPm1aPyDVkJv-q2vXjOBlzLCK1l55AXa8ca-CXirFoz-DhVJyMFaR0idbwMmfCKol6-ST_FoJjVq8oHhkS1mBuu5ti1Mo-2nIsrltBf5TLBPWihzIL-Q0zA84_mZk8P7ch47ugYXbq6px3SDk7wRT__M57Cq_1IV4ngyPxMD9BwoDzpa0mtOFjcfuEopRvp2l16caK5S3Etm5pwUWizC56aIGiSPVOAQPXskPeRj5Zi320jMNrUjZn_BoZjcq8Y6rl_Ff4esbyv6j0ascWtl67CFARwrFc0pVSL9HK7hKGg==&vjs=3&p=4&sk=&fvj=1,"Unmanned Air System Prototyping Engineer.MORSE Corp.Cambridge, MA"
Wastewater Engineer 1,Woodard & Curran,"Andover, MA","This position will provide entry-level engineering support in the planning, design, and construction of water/wastewater projects primarily focused in municipal...",2 days ago,Entry-level,Full-time,https://www.indeed.com/rc/clk?jk=9aa9fda490b13e3c&fccid=c7643478516b62af&vjs=3,"Wastewater Engineer 1.Woodard & Curran.Andover, MA"
